cell_type,batch1,ctrl,stim
CD4 T cells,43.659356207994335,42.5312060841531,43.026505207892285
CD14+ Monocytes,15.811814644499469,22.336116392494006,20.73841984926751
B cells,10.461620091970286,10.614201868231794,10.305699043102718
CD8 T cells,11.858860983374601,8.845168223526494,7.80760436954865
NK cells,11.460912628227804,7.4729271720261226,8.756033533745448
FCGR3A+ Monocytes,4.934559603820304,5.8692237744895435,6.774494029977136
Dendritic cells,1.3972408914043155,1.5541043233859635,1.7020916250317555
Megakaryocytes,0.4156349487088787,0.7770521616929817,0.8891523414344991
