epoch,train_loss,val_loss
1,0.15357964605471244,0.13690123431974818
2,0.13580664665875503,0.13389232465148151
3,0.13355772833933072,0.13197481759193233
