epoch,train_loss,train_recon_loss,train_class_loss,val_loss,val_recon_loss,val_class_loss
1,0.4357351926953148,0.16634603741517195,0.5387783078773966,0.25030637531358924,0.14063976083635749,0.2193332303799856
2,0.2052176220674895,0.13999527589046876,0.1304446938482145,0.2432008609287051,0.13682020975691678,0.21276129677513078
3,0.15819514926458686,0.1368037890924027,0.04278271976015239,0.2425692625822686,0.1347265554026816,0.2156854163638145
4,0.1439852093196485,0.13505849607982975,0.01785342460043683,0.2541817790189666,0.13309075087531622,0.24218204929333276
5,0.14021130976648497,0.13410653529255662,0.012209549472860537,0.275254120830285,0.13300325029901325,0.2845017468982748
6,0.13865087302408746,0.13356293104662068,0.01017588486873115,0.27697129723558866,0.1323675540441533,0.28920748651651346
7,0.13798665405441363,0.13312782287005834,0.00971766239481162,0.28137133371847806,0.13207816540838535,0.29858633519466327
