epoch,train_loss,train_recon_loss,train_class_loss,val_loss,val_recon_loss,val_class_loss
1,1.2533873484667983,0.16675176414467105,0.5433177932963845,0.582929533069622,0.14090598469268759,0.22101177451143705
2,0.4049039387090119,0.1406262997586623,0.1321388194751748,0.5616045951486881,0.13766121652717905,0.21197169319752976
3,0.22414017409657766,0.1383792322837319,0.04288047132642599,0.5737814627955312,0.13647389146868244,0.21865378313534997
4,0.1706611733608738,0.13688742276314678,0.016886875440778628,0.6280010204500504,0.13484005779250677,0.24658047841090613
5,0.15821628048153918,0.13594208419998313,0.011137098208864465,0.6996189616008012,0.13476162293566715,0.2824286714708502
6,0.15156477093505683,0.135203805859001,0.008180482495073063,0.7379925361485047,0.13357351277084806,0.3022095059867397
