representation,classifier,split,n_cells,accuracy,balanced_accuracy,macro_f1,weighted_f1
PCA-50,Logistic Regression,val,5352,0.9166666666666666,0.8844186336992315,0.8418778554396158,0.9193514217827071
PCA-50,Logistic Regression,test,5353,0.922473379413413,0.9007771385482044,0.8576424052752051,0.9245740410847235
SupDAE-32-head-w2.0-noise0.10,Supervised Head,val,5352,0.9353512705530643,0.7993882419886756,0.8355684257583145,0.9324287393466654
SupDAE-32-head-w2.0-noise0.10,Supervised Head,test,5353,0.9404072482719971,0.8322725003886887,0.8755632629139325,0.9383591501184844
