representation,classifier,split,n_cells,accuracy,balanced_accuracy,macro_f1,weighted_f1
PCA-50,Logistic Regression,val,5352,0.9166666666666666,0.8844186336992315,0.8418778554396158,0.9193514217827071
PCA-50,Logistic Regression,test,5353,0.922473379413413,0.9007771385482044,0.8576424052752051,0.9245740410847235
DAE-32-LR-noise0.10,Logistic Regression,val,5352,0.8531390134529148,0.7857085869116895,0.747836143628536,0.8766469991398609
DAE-32-LR-noise0.10,Logistic Regression,test,5353,0.8677377171679432,0.819359272529819,0.764491412176125,0.8866211308994421
