epoch,train_loss,train_recon_loss,train_class_loss,val_loss,val_recon_loss,val_class_loss
1,0.6884699823578365,0.16666793876138922,0.5218020463821404,0.350426745805177,0.14092363811541309,0.2095031091341779
2,0.2637797231906142,0.1405499399656253,0.1232297827607067,0.31733531012583843,0.13701941355617153,0.180315893680839
3,0.18153008496470177,0.13798488871147532,0.04354519621453627,0.344572087189141,0.13526337013489276,0.2093087108195708
4,0.15283474363493935,0.136367982650989,0.016466760349718498,0.369578867146392,0.13440325428526856,0.235175614762559
5,0.14561258166964347,0.13530111066095388,0.01031147063697667,0.411138633239996,0.13336610552579425,0.2777725320474436
6,0.14794087953449306,0.1349598217447697,0.012981058171788908,0.39698712508004075,0.13325957276296635,0.2637275537614884
